{
  "weights": [
    [
      [
        0.0020901271704851345,
        -0.008488916083561362,
        0.0033289494217762106
      ],
      [
        -4.1110443618045794E-4,
        -0.009782811708433219,
        -0.003064463490407042
      ],
      [
        0.003071080359751942,
        -0.0035302513130224572,
        5.774765496496435E-4
      ]
    ],
    [
      [
        -0.030651197002336095,
        -0.023626916812957664,
        -0.029683184065444894
      ],
      [
        0.003042333044199593,
        0.007749348103151206,
        -0.0010751416150864895
      ],
      [
        0.007807548416363712,
        0.0017399620273505817,
        -0.005365521870075526
      ]
    ]
  ],
  "biases": [
    [
      -1.8721358170525875,
      -2.2293653599790098,
      0.9648246945369707
    ],
    [
      -1.8712864124824105,
      1.6447735908566192,
      -2.5
    ]
  ],
  "columns": 2,
  "rows": 3
}